PC1,PC2
59.48999805807528,912.5681750752047
1.3666374940716952,71.08996985439076
0.7217076899539714,37.220166673628675
1.2279188482766328,45.57464238964936
0.45766224400696326,14.52567770139332
